gene_id,gene_name,runon_chr,runon_strand,runon_start,runon_end,runon_width,runon_base_mean,runon_log2FC,runon_padj,gene_base_mean,gene_log2FC,gene_padj,base_mean_by_runon_width
ENSG00000001167,NFYA,6,+,41102404,41151403,49000,1415.82050738817,2.13052951317948,5.35141835309913e-138,5573.00211739607,0.153923400991673,0.00355322257939063,0.0288942960691463
ENSG00000013392,RWDD2A,6,+,83198936,83208935,10000,47.3594865169961,1.43229296520323,4.43823393332679e-05,559.204669566813,0.815570804741647,1.94832250391704e-16,0.00473594865169961
ENSG00000013588,GPRC5A,12,+,12917938,12998937,81000,3893.61837743874,1.09317419342289,1.37154458079916e-57,25197.4627363906,0.162000774559419,2.9512192380786e-05,0.0480693626844288
ENSG00000019995,ZRANB1,10,+,124988190,125003189,15000,341.363866965683,1.39577460877286,5.70150456770658e-28,3379.3575140321,0.31841615811941,1.8663532361966e-10,0.0227575911310455
ENSG00000026103,FAS,10,+,89017060,89039059,22000,324.132379753076,1.15183808192498,3.26279871012374e-15,2070.68156952507,0.459043106732895,3.85039210996739e-15,0.0147332899887762
ENSG00000043093,DCUN1D1,3,-,182917074,182938073,21000,555.194213705016,1.0048470603636,2.36182303862541e-19,8487.37900166506,0.46515962722223,4.02209979657778e-33,0.0264378197002389
ENSG00000051009,FHIP1B,11,-,6198345,6211344,13000,274.265786622808,1.01722990204485,8.05471677711773e-12,838.22917756664,0.68269208530423,2.79603883576752e-16,0.0210973682017544
ENSG00000065559,MAP2K4,17,+,12143829,12158828,15000,171.809101036203,1.19665114775073,7.04857377741092e-11,1781.53773635581,0.22166444792478,0.0014547491131771,0.0114539400690802
ENSG00000065883,CDK13,7,+,40099581,40125580,26000,520.124958612086,1.06557836991292,4.4078637156624e-14,9721.17649117389,0.41056953919879,6.00633743578631e-19,0.0200048061004649
ENSG00000066697,MSANTD3,9,+,100451735,100462734,11000,388.819137375571,1.16079869683734,1.00691059462585e-21,1062.58909233438,0.234936138727955,0.0047954995206028,0.0353471943068701
ENSG00000068354,TBC1D25,X,+,48562610,48572609,10000,66.3903986710949,1.52146974177438,4.77456313862085e-06,438.610959784336,0.269261403587175,0.0630912975452989,0.00663903986710949
ENSG00000072864,NDE1,16,+,15726354,15743353,17000,171.474758127089,1.02615386180025,6.75581913268609e-09,1242.40007913184,-0.366725494451305,5.87469565222733e-07,0.010086750478064
ENSG00000075426,FOSL2,2,+,28417318,28435317,18000,726.724060753306,2.27505135096385,9.88815267730698e-106,4450.80600631252,0.56401932156928,2.43736924101534e-28,0.0403735589307392
ENSG00000076053,RBM7,11,+,114410608,114438607,28000,889.79245027864,1.18065072018731,1.42567795612928e-34,2373.67613224791,0.216851878060908,0.000799606541476602,0.0317783017956657
ENSG00000078269,SYNJ2,6,+,158099177,158116176,17000,223.49567155926,1.15975934336169,6.00801656771313e-11,2170.62396084916,0.777638337060226,9.87560926303825e-43,0.0131468042093682
ENSG00000079999,KEAP1,19,-,10474125,10486124,12000,198.72268201521,1.77572654392288,1.34177982480211e-24,4430.72226212717,0.977564084616762,8.84354711887938e-80,0.0165602235012675
ENSG00000082516,GEMIN5,5,-,154870411,154887410,17000,829.558576605489,2.75948698899252,2.74176138832181e-185,2589.75136720827,0.812826299721613,2.6389008148244e-52,0.0487975633297347
ENSG00000096654,ZNF184,6,-,27433747,27450746,17000,180.228324057187,1.42947425752704,1.51327871177924e-16,814.792799255269,0.16501049391331,0.089702081128705,0.010601666121011
ENSG00000097096,SYDE2,1,-,85144889,85156888,12000,829.827016137067,1.36489156900911,8.43380119874834e-54,2406.59491957912,0.888981683021423,4.34482063978984e-61,0.0691522513447556
ENSG00000102390,PBDC1,X,+,76178315,76244314,66000,3720.44517806003,1.03885293633552,3.02739627731594e-52,1008.30859178075,0.175681358675022,0.0413643774963114,0.056370381485758
ENSG00000102606,ARHGEF7,13,+,111305733,111319732,14000,139.479661405944,1.03928230777256,1.45904403731116e-07,1585.87027666776,-0.158426365949693,0.0365785582681685,0.00996283295756746
ENSG00000103222,ABCC1,16,+,16143054,16166053,23000,262.015976682456,2.1524876933885,3.56102500178136e-46,2066.33022261858,0.5687042886868,1.09195026743237e-13,0.0113919989861937
ENSG00000103404,USP31,16,-,23051406,23061405,10000,50.5027050705921,2.4120616421104,6.40871779740208e-11,1765.63094240713,0.454259343052973,3.01334588019288e-13,0.00505027050705921
ENSG00000103550,KNOP1,16,-,19680937,19701936,21000,613.168007740878,1.45817699231947,3.62396568763822e-50,1454.79158373017,0.88312613466508,1.80423590345831e-30,0.0291984765590894
ENSG00000104432,IL7,8,-,78718772,78732771,14000,128.693185156902,1.06308797147699,6.99755937554798e-06,184.238185579573,0.580706138380813,0.00185558121169054,0.00919237036835013
ENSG00000105875,WDR91,7,-,135170839,135183838,13000,307.314075369278,1.40747962528096,4.45810661593063e-25,1388.91854277302,-0.0703955020029428,0.426776045218622,0.0236395442591753
ENSG00000107951,MTPAP,10,-,30292801,30309800,17000,594.421378606709,1.52722557863775,3.70095707919004e-48,2684.42764421035,0.452521819070198,9.07077729660431e-17,0.0349659634474535
ENSG00000107984,DKK1,10,+,52317658,52327657,10000,1054.31688938556,1.54996820931672,1.79394109182898e-90,17399.2927049782,-0.235348029834652,1.40255802555095e-07,0.105431688938556
ENSG00000108219,TSPAN14,10,+,80522632,80537631,15000,230.273433955055,1.20469119400677,4.71107942676046e-15,3736.08389887184,0.322915577946703,4.98405792811189e-09,0.0153515622636703
ENSG00000108826,MRPL27,17,-,50346867,50367866,21000,386.618398202437,1.45416758188703,7.04148622786776e-35,1565.81359550973,0.303374641043677,1.53385296397684e-05,0.0184103999144017
ENSG00000109381,ELF2,4,-,139015265,139057264,42000,1818.46226516777,1.09490748397258,6.18310849733422e-46,1671.56162413152,0.325432414856374,1.5096156859095e-06,0.0432967205992327
ENSG00000109861,CTSC,11,-,88278592,88293591,15000,148.174648932192,1.14820740308638,2.02005604477513e-08,4059.87120589778,0.139980410670942,0.0137034475898352,0.00987830992881282
ENSG00000110218,PANX1,11,+,94181969,94198968,17000,1390.46692349284,1.33693837139047,1.33429978273676e-71,1717.31481112254,0.926481314966474,3.23236680678873e-47,0.0817921719701671
ENSG00000111530,CAND1,12,+,67319954,67384953,65000,521.849351239429,2.04808592673981,9.73219406114803e-66,6679.70761202443,0.272358715372737,4.71854961292568e-11,0.00802845155752967
ENSG00000111846,GCNT2,6,+,10629369,10655368,26000,186.416907944504,1.1599579626103,1.19694910184284e-11,1675.85684548899,-0.0488141286198603,0.572904706667352,0.00716988107478863
ENSG00000111877,MCM9,6,-,118783455,118813454,30000,384.491928025485,1.09953986749467,2.54162041021227e-16,1080.63049036125,0.424834712300209,0.000129044591366627,0.0128163976008495
ENSG00000112773,TENT5A,6,-,81645730,81745729,100000,1947.02320745484,1.46293626062797,2.92360764542014e-70,6632.52503616271,-0.0940292621930951,0.113833424599662,0.0194702320745484
ENSG00000113209,PCDHB5,5,+,141138616,141149615,11000,74.739478549103,1.01797720411404,0.000362572957982371,209.500430280163,-0.18932690098684,0.343489254907553,0.00679449804991845
ENSG00000114019,AMOTL2,3,-,134342347,134355346,13000,482.289321632405,1.54900448728309,2.97567997128809e-40,6317.40300943781,0.242842268025549,8.30296056899859e-07,0.0370991785871081
ENSG00000115170,ACVR1,2,-,157658446,157736445,78000,935.662397336352,1.26578950726205,3.1682130142425e-08,737.847733146649,0.355263942176661,0.0129090593998668,0.0119956717607225
ENSG00000116157,GPX7,1,+,52609052,52629051,20000,193.071644945345,1.89647313893185,1.63395691590796e-27,2007.07257110445,0.714047410597256,3.80456314181654e-24,0.00965358224726723
ENSG00000116285,ERRFI1,1,-,8000727,8011726,11000,150.409057904549,1.05720158291726,1.71300654937666e-06,1992.24450281064,0.585828449596865,1.46623670165371e-22,0.0136735507185953
ENSG00000116903,EXOC8,1,-,231322753,231332752,10000,1063.69569173892,1.17660086770254,9.72101185406952e-43,2935.33663055942,0.630536246001089,7.90300780314197e-33,0.106369569173892
ENSG00000118482,PHF3,6,+,63726012,63772011,46000,807.742237211698,2.48294347983609,3.81004190819985e-97,11908.0046523982,0.659255112259263,7.58017116100532e-61,0.0175596138524282
ENSG00000119401,TRIM32,9,+,116701300,116731299,30000,1294.81228829963,1.31330366544049,3.42400924556877e-60,2339.09367569215,0.697411979469368,8.69910989534531e-35,0.0431604096099876
ENSG00000120327,PCDHB14,5,+,141227760,141243759,16000,90.9017119341708,1.18545247284205,4.27368058352531e-06,98.3082286949589,-0.203053977511884,0.559539648470762,0.00568135699588568
ENSG00000120889,TNFRSF10B,8,-,22988133,23020132,32000,365.068471406724,1.41713872077839,3.94407862855209e-26,3757.1236672127,0.506153891990277,2.15679776852209e-19,0.0114083897314601
ENSG00000121858,TNFSF10,3,-,172490508,172505507,15000,158.165414776881,1.27117840288526,2.36941985585327e-11,2236.75769457726,0.392632737023399,1.42153460577423e-10,0.0105443609851254
ENSG00000121903,ZSCAN20,1,+,33501644,33515643,14000,130.799241388767,2.18863428039549,4.78499348631872e-24,799.422529708511,0.681756697736539,1.02973739352337e-15,0.00934280295634049
ENSG00000124459,ZNF45,19,-,43888624,43912623,24000,362.723287362308,1.1831269876086,5.91983092661988e-22,785.590235920589,0.284339978684282,0.00207530360154694,0.0151134703067629
ENSG00000124575,H1-3,6,-,26217212,26234211,17000,602.076562817662,1.47508887842055,6.11763725544934e-50,4794.65601254133,0.301897636425152,3.42231998451156e-05,0.0354162684010389
ENSG00000125378,BMP4,14,-,53934736,53949735,15000,200.722294746477,1.36631482496565,2.51847805699608e-16,1210.72859205678,0.724209993523481,5.50408259200458e-21,0.0133814863164318
ENSG00000126804,ZBTB1,14,+,64524952,64539951,15000,2124.09527214223,1.84269476280313,7.85481358853955e-119,4368.65689497131,0.772141040868662,1.29330206887828e-61,0.141606351476149
ENSG00000126822,PLEKHG3,14,+,64750250,64766249,16000,493.78914782779,1.57417045109451,7.99246351610804e-49,2905.41125543511,0.532668861337438,3.26791946900985e-23,0.0308618217392369
ENSG00000127080,IPPK,9,-,92603183,92613182,10000,66.8352800647162,1.19429836965361,8.07589685128953e-05,805.095826551295,0.261205139206231,0.00473054938664507,0.00668352800647162
ENSG00000127081,ZNF484,9,-,92809182,92844181,35000,1229.41231258622,1.3727865407469,2.90168006652277e-62,985.182011910873,0.590208139353578,8.21617153108974e-13,0.0351260660738921
ENSG00000128567,PODXL,7,-,131481271,131500270,19000,274.489560839083,1.30751017173936,3.33280296663639e-18,11922.4110001334,0.711096201971985,1.64449368755572e-74,0.0144468189915307
ENSG00000128590,DNAJB9,7,+,108574851,108586850,12000,113.036823530202,1.68608700801053,1.6210446005249e-12,914.720267564222,0.74154946771362,2.61638468866836e-14,0.00941973529418346
ENSG00000131115,ZNF227,19,+,44237269,44256268,19000,165.869775425899,1.22598505284281,9.26465980253583e-11,748.225439865251,0.314624837309519,0.00152166668556046,0.00872998818031047
ENSG00000132436,FIGNL1,7,-,50418133,50444132,26000,1861.9889921058,1.13296731372808,3.50651686165271e-63,3196.1565635643,0.443008962209249,1.99781214028906e-18,0.0716149612348384
ENSG00000134013,LOXL2,8,-,23278897,23296896,18000,291.014435342552,1.13182794055767,5.81170343059168e-14,4590.82695728573,0.215231548557934,0.000117603790742775,0.0161674686301418
ENSG00000134247,PTGFRN,1,+,116990354,117001353,11000,257.404816757987,1.26325614406701,1.93153372845743e-18,5692.49580429587,0.690049390203235,1.26678357302615e-52,0.0234004378870897
ENSG00000135069,PSAT1,9,+,78330094,78346093,16000,101.03176193739,1.16302886500611,1.52232327946156e-05,5199.13447802452,0.725542433804143,3.81811629248526e-32,0.0063144851210869
ENSG00000135083,CCNJL,5,-,160231083,160249082,18000,237.758199326071,2.07610738320451,1.11330134352134e-36,2118.57748147759,0.712714099112075,4.40209533507594e-28,0.0132087888514484
ENSG00000135373,EHF,11,+,34663289,34722288,59000,352.211156750383,2.0725088783934,2.53557675012377e-50,6861.48796014062,0.619972923337912,1.83385057768178e-48,0.00596968062288785
ENSG00000135679,MDM2,12,+,68845545,68861544,16000,197.756027975715,1.99906825352493,5.51226895899506e-25,4714.31787301752,0.229063880659409,2.04576197116904e-06,0.0123597517484822
ENSG00000135763,URB2,1,+,229660201,229677200,17000,505.676266021508,1.39131071354368,2.17666600713271e-34,1674.35561298287,-0.110340120882511,0.124058899748391,0.0297456627071475
ENSG00000137338,PGBD1,6,+,28302550,28332549,30000,815.955998584116,2.30559444638324,7.78069578544961e-103,894.143660463287,0.465038307677868,1.60671211241691e-08,0.0271985332861372
ENSG00000137393,RNF144B,6,+,18468871,18480870,12000,90.7222475390322,2.43232950257628,2.27702002071575e-16,1657.26525615783,0.884800534289519,7.68780680268443e-47,0.00756018729491935
ENSG00000137492,THAP12,11,-,76336956,76349955,13000,323.428646747504,1.13320820002212,1.73178244815284e-12,5501.74520313596,0.730474986858238,1.39008627386502e-58,0.0248791266728849
ENSG00000137962,ARHGAP29,1,-,94143905,94168904,25000,1178.32034054267,2.31485540955555,2.68588063074831e-178,9004.87697470251,0.456145228786268,5.6754574156893e-26,0.0471328136217067
ENSG00000138166,DUSP5,10,+,110511534,110544533,33000,1350.6126100857,1.01446222348066,3.61681606810961e-43,2118.31359415052,0.0650302851954726,0.433247467237531,0.0409276548510818
ENSG00000139174,PRICKLE1,12,-,42445757,42456756,11000,68.464180022755,1.36798685297459,7.80042125665034e-06,728.570573449685,0.492265196132431,5.10234940577806e-08,0.006224016365705
ENSG00000139990,DCAF5,14,-,69038881,69050880,12000,248.709554699463,1.97955633817323,5.77175142955181e-36,2886.8695824623,0.485639831561218,1.30602060904315e-19,0.0207257962249553
ENSG00000140406,TLNRD1,15,+,81005789,81105788,100000,7116.29722617411,2.62510907113318,9.20369956025076e-38,1684.56364245124,0.144862399371524,0.0493201016216118,0.0711629722617411
ENSG00000140836,ZFHX3,16,-,72770885,72782884,12000,122.644813453848,1.78045632445325,1.5648119508228e-14,2460.54551725431,0.331426129813909,1.13108989784509e-05,0.010220401121154
ENSG00000141642,ELAC1,18,+,50988122,51007121,19000,234.15172508307,1.04211424088839,1.828654789452e-11,315.633476606787,0.799271963302244,1.03391749969849e-09,0.0123237750043721
ENSG00000142149,HUNK,21,+,32004065,32014064,10000,42.0463641882357,1.54817391825331,2.98371303279524e-05,336.450343599102,0.62114231189815,8.5820014063272e-07,0.00420463641882357
ENSG00000142864,SERBP1,1,-,67378810,67407809,29000,739.596888639088,1.1989542304605,3.88558523313388e-37,21286.0090875478,0.201081675209489,2.14060038650344e-08,0.0255033409875547
ENSG00000143079,CTTNBP2NL,1,+,112461165,112489164,28000,786.047240462434,1.0911359263767,1.04223706243013e-34,3234.54654057021,0.650093196515048,1.0361892721458e-27,0.0280731157308012
ENSG00000143315,PIGM,1,-,160011953,160024952,13000,68.3101923754379,3.43757510291545,5.18776980209503e-22,842.356228862481,0.238231366575896,0.0133640600830527,0.00525463018272599
ENSG00000143457,GOLPH3L,1,-,150636230,150646229,10000,130.519200230179,1.19528242988961,5.62639461657589e-09,2771.61432501644,0.794133471467414,9.15130583434612e-49,0.0130519200230179
ENSG00000144815,NXPE3,3,+,101828232,101849231,21000,528.660944769036,1.12135447759256,4.75097924136882e-23,4643.32678326978,0.18479236420441,0.000218028088619985,0.0251743307032874
ENSG00000145014,TMEM44,3,-,194576678,194587677,11000,98.1584280345693,1.00086643886641,4.00543507688565e-05,676.724214736633,0.125019909155497,0.246310642185034,0.00892349345768812
ENSG00000145365,TIFA,4,-,112262537,112274536,12000,149.134919976989,1.04859171319825,3.62507751843963e-06,1224.38298674936,0.998802836153403,1.28038890454587e-41,0.0124279099980824
ENSG00000145632,PLK2,5,-,58440982,58453981,13000,961.91392649357,1.95366891090659,1.26902118372059e-60,9259.40028013356,0.0106706719177141,0.909431817098969,0.0739933789610438
ENSG00000145919,BOD1,5,-,173586145,173607144,21000,407.806648579354,1.23212939010064,2.65529603009261e-26,2093.34727174697,0.196840069679517,0.00335660573678119,0.0194193642180645
ENSG00000146242,TPBG,6,+,82367421,82467420,100000,3283.92732042084,1.68750137174733,9.82113453343817e-134,5665.83521452402,0.747355835960052,1.07068675094561e-42,0.0328392732042084
ENSG00000146278,PNRC1,6,+,89085161,89111160,26000,280.927657486414,1.95112569135916,1.26590121290134e-33,1440.01539146502,0.421841727563226,6.49887051476923e-08,0.0108049099033236
ENSG00000146648,EGFR,7,+,55211629,55224628,13000,348.958391022106,1.47381793314959,9.02634887156593e-22,21567.457818544,0.0762471344523374,0.763982924741332,0.0268429531555466
ENSG00000146802,TMEM168,7,-,112751377,112762376,11000,88.1637457656849,1.32297864745487,3.16300917307417e-07,1241.58469291189,-0.0888919271215819,0.333455303345705,0.00801488597869862
ENSG00000147124,ZNF41,X,-,47425178,47445177,20000,276.775202353006,2.98618711321087,3.34042280938122e-73,1570.97024918562,0.244202354039681,0.000569814470142657,0.0138387601176503
ENSG00000147454,SLC25A37,8,+,23575464,23608463,33000,360.25585901912,2.61908962374092,2.19382417916073e-59,4223.23507306782,-0.404348708075347,3.52373335587797e-17,0.0109168442127006
ENSG00000147650,LRP12,8,-,104467236,104489235,22000,285.103091105277,1.36426225181924,7.46264605677183e-19,1986.29494044463,0.712228120081981,1.37500797343221e-33,0.0129592314138762
ENSG00000147679,UTP23,8,+,116774685,116791684,17000,150.378138359764,1.32682985281495,2.18405045094502e-11,881.342845915421,0.392520085371077,4.49811534024368e-06,0.00884577284469202
ENSG00000148019,CEP78,9,+,78279691,78292690,13000,84.5177250788492,1.58217697078305,6.39365600731861e-10,2612.27882368544,0.106606991648931,0.0936657998126178,0.00650136346760378
ENSG00000148120,AOPEP,9,+,95087160,95115159,28000,264.551295092363,1.16719592545138,2.63239993633239e-15,945.538537584069,0.528178620878573,6.54401268807025e-11,0.00944826053901296
ENSG00000148429,USP6NL,10,-,11440510,11460509,20000,909.999646740805,1.53334308861805,1.96621541550993e-59,4150.89857436201,0.792795487972033,1.77634135445622e-63,0.0454999823370403
ENSG00000148773,MKI67,10,-,128076659,128096658,20000,463.165306549123,1.4396279863747,1.26938591850253e-35,37536.7023354831,0.0311136630887439,0.684091107700891,0.0231582653274561
ENSG00000149218,ENDOD1,11,+,95132646,95159645,27000,380.26551480012,1.40780222608964,2.72789457516944e-27,3502.77129637192,0.934892026340125,2.52882548831148e-61,0.01408390795556
ENSG00000149418,ST14,11,+,130210363,130220362,10000,107.849809355659,1.37666711917024,1.64457706429317e-08,5307.62809212486,0.648394696517461,4.10677318802796e-41,0.0107849809355659
ENSG00000151014,NOCT,4,+,139045940,139061939,16000,191.685822164714,1.01451662091978,1.6590032678033e-08,176.655725426639,0.814179341999787,7.85023366171464e-06,0.0119803638852946
ENSG00000152457,DCLRE1C,10,-,14886613,14904612,18000,765.222313665399,1.67572973389138,2.02043491356662e-71,2558.06130282287,0.560423165611364,1.16658840381677e-24,0.0425123507591888
ENSG00000152977,ZIC1,3,+,147416720,147476719,60000,633.660920104186,1.10592655542532,8.41437599539984e-17,778.213213467785,0.251803682059104,0.00609392351394634,0.0105610153350698
ENSG00000152990,ADGRA3,4,-,22356376,22387375,31000,501.917073730609,1.33382401084704,6.50999340064613e-26,1601.27467062978,-0.043508174507243,0.63120780111713,0.0161908733461487
ENSG00000153037,SRP19,5,+,112869789,112911788,42000,1375.80512652579,1.02913388986851,3.89519278228287e-39,2770.22743841425,0.187811855922322,0.000759365372031596,0.0327572649172808
ENSG00000154265,ABCA5,17,-,69229311,69244310,15000,123.888659348406,1.30882843440931,1.94870846865067e-09,1472.48339919916,0.442409272042643,2.16209027474675e-08,0.00825924395656043
ENSG00000154447,SH3RF1,4,-,169037259,169094258,57000,774.04668245744,1.5509181395844,8.70739749357629e-42,2653.5319525966,0.370917466205098,1.93962627702282e-11,0.0135797663589025
ENSG00000155275,TRMT44,4,+,8476556,8496555,20000,245.480060296593,1.08641018877817,6.90034560042814e-13,491.374369264,0.712019933772821,1.40383470712742e-10,0.0122740030148297
ENSG00000155666,KDM8,16,+,27221769,27236768,15000,96.4329297777729,1.81824038335667,2.28658378779523e-13,169.342582150757,-0.697528458591452,0.000101575105439144,0.00642886198518486
ENSG00000157540,DYRK1A,21,+,37526359,37551358,25000,346.630577067921,1.97769618484557,6.32004635582099e-32,8498.89055748541,0.170113438634519,3.86013772395566e-05,0.0138652230827169
ENSG00000157654,PALM2AKAP2,9,+,110172513,110182512,10000,77.0859280511999,1.73346849356395,7.10554709062878e-09,8477.18365556155,0.614352936010411,6.71116903825317e-41,0.00770859280511999
ENSG00000158615,PPP1R15B,1,-,204379381,204403380,24000,1904.99805398992,1.30019015947773,2.01243784701571e-65,9060.90341474495,0.11646079041986,0.00880594709818598,0.0793749189162465
ENSG00000158636,EMSY,11,+,76553032,76570031,17000,442.532914949196,1.95351628429955,4.26515496782755e-57,3370.30704152673,-0.133783116016128,0.0231293522803107,0.026031347938188
ENSG00000162616,DNAJB4,1,+,78017965,78030964,13000,275.175200405525,1.13746880202922,9.83820334934843e-16,2006.94792634531,0.38013432215041,1.58588788855253e-10,0.0211673231081173
ENSG00000162924,REL,2,+,60931613,60957612,26000,1332.20665591614,1.31592713834108,2.32319073865609e-71,3533.12682037792,0.481695067397454,1.72236352268523e-19,0.0512387175352363
ENSG00000163235,TGFA,2,-,70433284,70447283,14000,170.786617625699,1.27410784025056,9.89089126025628e-10,2844.14750240957,-0.0608510022204388,0.369017721868518,0.0121990441161213
ENSG00000163545,NUAK2,1,-,205291063,205302062,11000,85.9071018746183,2.5989741270915,1.5137707687461e-19,460.786406247368,0.695107635549559,1.71856908499255e-10,0.00780973653405621
ENSG00000163684,RPP14,3,+,58320194,58332193,12000,995.289366017965,1.18842572724655,5.86276706701549e-48,2037.90760303023,0.367951179313895,6.09789893661986e-05,0.0829407805014971
ENSG00000163866,SMIM12,1,-,34777362,34850361,73000,504.657544405391,2.95891242008663,3.47887254302179e-98,707.609823397651,-0.538672773724255,2.47823439786443e-09,0.00691311704664919
ENSG00000164219,PGGT1B,5,-,115193012,115204011,11000,94.6031698102803,1.15806656056364,1.55939306026678e-06,2214.44368933459,0.465791628115634,1.50777064763707e-15,0.00860028816457094
ENSG00000164465,DCBLD1,6,+,117549798,117562797,13000,93.4357553984782,1.36295200110456,7.59117998659625e-08,804.762057285766,0.663147690692423,6.16040079077132e-14,0.00718736579988294
ENSG00000164823,OSGIN2,8,+,89927889,89937888,10000,162.315107624744,1.27733184264713,3.72599323333002e-10,3419.79707317538,0.99071250386644,9.7696334765195e-87,0.0162315107624744
ENSG00000165300,SLITRK5,13,+,87679617,87690616,11000,47.0921815510887,1.60335066173205,8.40922237124852e-06,112.228412866402,0.918055221961107,9.07435055564034e-05,0.00428110741373533
ENSG00000166439,RNF169,11,+,74842414,74921413,79000,4619.830186154,1.52994621556396,8.88802531204444e-91,4137.07302014684,0.224489081286401,6.99285555163036e-06,0.0584788631158734
ENSG00000167173,C15orf39,15,+,75212170,75233169,21000,503.354287738429,2.46378540957035,3.25400929190895e-101,1834.54724882329,0.988616946061601,7.39791739715551e-57,0.0239692517970681
ENSG00000167193,CRK,17,-,1400693,1420692,20000,178.406337249365,1.12033535384107,7.25405010158364e-08,4433.93614586579,0.74831619704244,1.63972114456268e-46,0.00892031686246824
ENSG00000167384,ZNF180,19,-,44464443,44474442,10000,199.773454718826,2.83550654195593,1.72643037260873e-51,974.570722143925,0.935797609702248,6.87179545258013e-32,0.0199773454718826
ENSG00000167637,ZNF283,19,+,43852018,43874017,22000,279.577525802444,1.3160876596783,2.17308868253378e-20,592.105012287562,0.839492146121032,3.46483592919386e-17,0.0127080693546565
ENSG00000168214,RBPJ,4,+,26434924,26453923,19000,311.399665112887,1.11236892491845,2.82043274551231e-16,2331.50074260059,0.117315591041743,0.0885753343804967,0.016389456058573
ENSG00000168264,IRF2BP2,1,-,234585269,234604268,19000,412.729665591404,1.26528510270018,3.5371164306364e-19,3664.70439099445,0.787284924875491,3.53291024316689e-26,0.0217226139784949
ENSG00000168556,ING2,4,+,183512430,183523429,11000,181.811489544811,1.9352249404055,9.51258097691237e-27,512.33882429789,0.687113935785545,4.06065192457844e-11,0.0165283172313465
ENSG00000168792,ABHD15,17,-,29546547,29560546,14000,260.227674491594,1.41328373982372,9.65284613517317e-22,665.534696294989,0.621338266374887,1.33103736714943e-11,0.0185876910351139
ENSG00000169018,FEM1B,15,+,68295863,68305862,10000,273.762941970765,1.05405527467559,5.08717846630514e-10,9183.22258569071,0.924859759180004,2.70928823346162e-117,0.0273762941970765
ENSG00000169047,IRS1,2,-,226718312,226731311,13000,82.2262933237822,2.7676382635479,1.38309858035909e-21,1313.76703285261,0.0447302289581491,0.684057693307155,0.00632509948644478
ENSG00000169252,ADRB2,5,+,148828624,148855623,27000,314.885956192195,1.88059262333193,4.77647527841059e-40,125.619383158094,0.198819625852313,0.44421724087862,0.0116624428219332
ENSG00000169981,ZNF35,3,+,44660792,44670791,10000,397.629776485134,1.76375086979625,3.18429664461756e-48,401.109678679199,0.67424321785425,1.06537012927683e-08,0.0397629776485134
ENSG00000170631,ZNF16,8,-,144919358,144930357,11000,353.542796569887,1.24533188011842,1.81144591544172e-22,698.963207058251,0.463590941006389,1.03718785403739e-06,0.0321402542336261
ENSG00000170745,KCNS3,2,+,17932959,17943958,11000,216.980572108446,1.21490549662213,1.81070194828542e-12,1115.69019221811,0.608061040675361,2.82511718000855e-15,0.0197255065553133
ENSG00000170846,NA,4,+,6676048,6687047,11000,106.271052668576,1.0762298067847,4.01710348274755e-06,287.441076180508,-0.191799648922677,0.236893050720481,0.0096610047880524
ENSG00000170881,RNF139,8,+,124488619,124505618,17000,323.438636159767,1.62303321351796,1.65094331061845e-34,1167.28144016849,0.529352311656941,2.32627195970301e-11,0.0190258021270451
ENSG00000170903,MSANTD4,11,-,105969899,106007898,38000,1120.54622575475,1.4245717138509,2.79303232337862e-79,925.719301824424,0.521292131649971,1.95811041654715e-10,0.0294880585724934
ENSG00000171316,CHD7,8,+,60868029,60882028,14000,307.295655311282,1.10184019542473,2.513075267847e-13,5388.97914528575,0.222957156750162,8.44026158027091e-06,0.0219496896650915
ENSG00000171823,FBXL14,12,-,1555993,1565992,10000,44.4897812027811,3.56643840138125,5.68803099049594e-16,868.93279659258,0.366008766956511,2.1425850646328e-05,0.00444897812027811
ENSG00000172315,TP53RK,20,-,46652365,46684364,32000,346.635543326937,1.19040404052286,1.05788557855313e-20,515.052927274584,0.679254980169353,1.01785514445314e-10,0.0108323607289668
ENSG00000172738,TMEM217,6,-,37202181,37212180,10000,98.3573402558081,1.60614187215173,2.78394678966591e-11,143.709308280116,-0.462955987583835,0.0227668037401122,0.00983573402558081
ENSG00000173166,RAPH1,2,-,203415682,203433681,18000,330.094608552173,1.89792520244826,6.70608576822869e-36,5268.51765495954,0.784470340459865,2.86181674001969e-27,0.0183385893640096
ENSG00000174579,MSL2,3,-,136085917,136148916,63000,1093.34524466962,1.81410322760742,3.00385072446995e-94,2842.11635852531,0.468859593480551,9.24831348027827e-17,0.0173546864233272
ENSG00000175073,VCPIP1,8,-,66618487,66628486,10000,86.111739974358,2.35585092892427,6.7626263105847e-16,5039.34151828417,0.848850538372248,3.56033273160164e-48,0.0086111739974358
ENSG00000175505,CLCF1,11,-,67354168,67364167,10000,917.769291656672,1.11711338466165,3.2423455149048e-32,1350.43937999327,0.15709725669245,0.0430910332079113,0.0917769291656672
ENSG00000175697,GPR156,3,-,120153478,120165477,12000,217.973587401111,2.10770591861256,1.69401505324498e-37,454.995016615487,0.271129141598269,0.0285096325135381,0.0181644656167593
ENSG00000176055,MBLAC2,5,-,90446209,90458208,12000,79.7889046822682,1.02556375163676,8.19511508526741e-05,426.691929341072,0.502871261248213,6.23035291842223e-05,0.00664907539018902
ENSG00000176697,BDNF,11,-,27636893,27654892,18000,331.462722019174,1.41748123148309,1.27290847947961e-26,1236.37848303469,0.441979727472057,3.09588608923206e-10,0.0184145956677319
ENSG00000177051,FBXO46,19,-,45700629,45710628,10000,66.939900253317,1.16672952798812,6.322354225893e-05,293.029114676239,0.809010501009601,3.49688916463298e-09,0.0066939900253317
ENSG00000177352,CCDC71,3,-,49151535,49162534,11000,192.104652780423,1.28164486343221,2.98784985605609e-14,315.134851956531,-0.0728201068909907,0.705409964415882,0.0174640593436748
ENSG00000177706,FAM20C,7,+,260773,274772,14000,108.816613145111,2.84066180070322,1.35494000254978e-29,704.931215687706,0.342047991022751,0.000714678827712835,0.0077726152246508
ENSG00000178150,ZNF114,19,+,48287609,48297608,10000,1396.72419185042,1.80225904297458,1.34435128156184e-149,2223.80207694567,0.00983297004917467,0.919707334605584,0.139672419185042
ENSG00000178229,ZNF543,19,+,57330771,57346770,16000,660.073729248061,1.89653630499104,1.98268033505886e-82,503.750806881045,0.837613365362922,3.34425371034015e-16,0.0412546080780038
ENSG00000178913,TAF7,5,-,141304490,141318489,14000,904.101516728472,1.50901420886317,9.13500994755478e-54,4969.74532741564,0.508430050819349,1.70072866290096e-25,0.0645786797663194
ENSG00000180346,TIGD2,4,+,89114902,89127901,13000,151.916960686594,1.00977662242987,1.71034811015767e-07,532.887319422589,0.834407955238517,2.03037602596606e-15,0.011685920052815
ENSG00000180479,ZNF571,19,-,37553260,37564259,11000,209.429955983343,1.16092235598132,7.7725688169393e-13,241.036328928354,0.922070963285139,7.75081983214335e-10,0.0190390869075766
ENSG00000180543,TSPYL5,8,-,97250488,97273487,23000,222.969045326316,1.78024746919259,8.14425590502161e-26,1786.05054160275,0.390745944804729,2.45190797502874e-10,0.00969430631853549
ENSG00000180884,ZNF792,19,-,34938354,34956353,18000,591.515022232784,1.36131589059495,7.17754219197641e-41,436.557202155543,0.549998994479009,3.13937038032757e-06,0.0328619456795991
ENSG00000180938,ZNF572,8,+,124979390,124996389,17000,130.943845060728,1.05669422849073,1.90988779146173e-07,232.455975626482,0.285384604090455,0.0987110471076372,0.00770257912121929
ENSG00000181450,ZNF678,1,+,227662462,227690461,28000,381.6085928407,1.83256032710853,5.31023252314169e-41,1420.62672787492,0.712464238861651,1.51224992554898e-24,0.0136288783157393
ENSG00000181751,MACIR,5,+,103278661,103378660,100000,830.716500834981,3.21368031007101,1.08821266357711e-38,1311.8746298364,0.501364657464954,1.00166173411219e-11,0.00830716500834981
ENSG00000182022,CHST15,10,-,123971668,124007667,36000,2019.32183181134,1.79274762280905,2.51326893573086e-179,4845.28879051001,-0.14283872116987,0.00562313575030428,0.0560922731058705
ENSG00000182118,FAM89A,1,-,230990958,231018957,28000,423.765018754324,1.52618928497828,4.5502502911874e-35,472.942813727141,0.571177974484203,1.17103412019416e-07,0.0151344649555116
ENSG00000182149,IST1,16,+,71931200,71941199,10000,145.815625427029,1.0244163237371,8.0071850022752e-08,2893.87555103781,0.300904426907147,1.69106101205409e-06,0.0145815625427029
ENSG00000182253,SYNM,15,+,99135594,99148593,13000,224.12120329046,1.60889963063884,1.21005888623108e-21,3485.45602544593,0.428428106204117,1.06346413273574e-16,0.0172400925608046
ENSG00000183621,ZNF438,10,-,30831632,30844631,13000,71.448616286637,1.29328879705729,2.97274468416979e-06,353.646966878918,0.815850335316265,3.97861607268416e-10,0.00549604740666439
ENSG00000183742,MACC1,7,-,20085655,20134654,49000,471.98962619542,1.46738257212678,1.02100358214598e-24,4662.90928509606,0.937451694775778,1.21772520943202e-90,0.00963244135092693
ENSG00000183840,GPR39,2,+,132646583,132669582,23000,584.108195742716,1.64271430981005,1.6665730175668e-58,976.357064149979,0.449169100902165,2.52792932156327e-08,0.0253960085105529
ENSG00000183891,TTC32,2,-,19865631,19896630,31000,380.262617058206,1.01187233124787,8.39630736169726e-15,318.037989796238,-0.379881378035912,0.00545930095092632,0.0122665360341357
ENSG00000184857,TMEM186,16,-,8783180,8795179,12000,67.0239123189949,2.40392790193198,1.40294872479758e-14,147.605058892406,0.237916063114846,0.315805302824232,0.0055853260265829
ENSG00000184992,BRI3BP,12,+,125031232,125057231,26000,264.202972219222,1.28450737768167,1.45208810756548e-18,5749.34684105322,0.578401803853636,3.62771466697581e-35,0.0101616527776624
ENSG00000185947,ZNF267,16,+,31917358,31928357,11000,225.569397821695,1.26805869045622,3.27942024962724e-16,926.857657975472,0.730385442673253,5.74561863959217e-18,0.0205063088928813
ENSG00000186212,SOWAHB,4,-,76882152,76894151,12000,110.733447920416,1.69159971345962,1.21133293752354e-11,683.475543954576,0.899250251346624,1.14037182420049e-19,0.00922778732670137
ENSG00000186272,ZNF17,19,+,57421935,57433934,12000,274.391063616566,1.42370747031417,3.32133601042222e-24,333.204146038364,0.344836448075772,0.017608428307802,0.0228659219680472
ENSG00000187134,AKR1C1,10,+,4983284,4994283,11000,57.6447255955833,2.09606472670435,1.12866315259593e-09,1084.19754085349,0.539548446395013,5.19006329602289e-11,0.00524042959959848
ENSG00000187566,NHLRC1,6,-,18101440,18120439,19000,150.636543440438,2.57496762125848,3.89263180287261e-32,163.134323592033,0.949479000675413,6.48813015931938e-07,0.00792823912844413
ENSG00000188215,DCUN1D3,16,-,20841925,20854924,13000,154.786875299359,1.66209392999121,4.041476693633e-13,692.906805368638,0.314033255109082,0.0013633206858341,0.0119066827153353
ENSG00000188725,SMIM15,5,-,61143704,61157703,14000,813.208379913189,1.02280501061341,8.0355479022605e-33,2653.1683688715,0.954287475627094,6.82047523195577e-69,0.0580863128509421
ENSG00000188994,ZNF292,6,+,87265944,87288943,23000,747.086933505976,1.83292055147276,4.76777115839298e-71,6628.31775963082,0.407510902782709,9.26867445366324e-16,0.0324820405872163
ENSG00000189057,FAM111B,11,+,59127413,59137412,10000,302.985488996587,1.43128342059871,9.46779173316331e-26,5440.50582713726,0.438232722611541,6.00283611917091e-21,0.0302985488996587
ENSG00000189241,TSPYL1,6,-,116254858,116274857,20000,597.743615303015,1.376008768072,2.40470254358428e-43,3137.26387819046,0.31584284237341,1.45172640677306e-07,0.0298871807651507
ENSG00000189431,RASSF10,11,+,13012120,13029119,17000,598.902198938508,1.631330256414,8.85522849932068e-56,285.077856881406,-0.083513231072952,0.664780596144076,0.0352295411140299
ENSG00000196247,ZNF107,7,+,64711578,64721577,10000,95.1563044104321,1.52134459894382,7.87269914249727e-10,1498.97499078335,0.621532039606224,4.27452435179076e-15,0.00951563044104321
ENSG00000196371,FUT4,11,+,94549896,94566895,17000,193.124123932748,1.83288064089328,1.00773840063832e-21,494.984408228737,0.571416235705107,5.66493854922235e-08,0.0113602425842793
ENSG00000196652,ZKSCAN5,7,+,99534701,99550700,16000,278.686315967711,2.73651073526242,2.14310321000004e-69,1943.31394568963,0.338389899882949,3.05401463501129e-07,0.0174178947479819
ENSG00000196981,WDR5B,3,-,122400846,122411845,11000,187.30196004729,1.87159079625572,9.59224463608735e-27,572.828436218125,-0.161540323019495,0.159404782318548,0.01702745091339
ENSG00000197008,ZNF138,7,+,64833681,64844680,11000,86.3975553096256,1.9518467698372,1.3194281860162e-13,483.700202833232,0.562023958076738,9.7138810592171e-07,0.00785432320996596
ENSG00000197024,ZNF398,7,+,149183043,149195042,12000,681.36823801479,2.01389168649574,6.82446891793911e-99,2383.53230784539,0.692066938485755,3.3352349201397e-36,0.0567806865012325
ENSG00000197119,SLC25A29,14,-,100276116,100291115,15000,177.087811301344,1.01723999826785,5.10626874478417e-08,2286.09104920939,-0.0194802699596223,0.82097230630973,0.0118058540867563
ENSG00000197147,LRRC8B,1,+,89597862,89627861,30000,289.349250480801,2.3145759743141,8.43592439366763e-49,2305.87936691484,0.636666707543677,3.03841451878762e-29,0.00964497501602671
ENSG00000197362,ZNF786,7,-,149050641,149069640,19000,331.805793952394,1.65650295607302,1.62956970576832e-34,532.077702425861,0.471284892701972,4.55882011204031e-06,0.0174634628395997
ENSG00000198039,ZNF273,7,+,64930982,64944981,14000,246.77565472955,1.84935655254987,7.4784811708986e-33,660.370163961325,0.996413014460908,1.78243715102819e-26,0.0176268324806821
ENSG00000198081,ZBTB14,18,-,5279022,5289021,10000,252.60805181697,2.61741067545765,1.0347367978807e-56,1035.13588557074,0.241615842308468,0.00245376701352465,0.025260805181697
ENSG00000198169,ZNF251,8,-,144710909,144720908,10000,94.448200550507,1.67720639166705,9.13946214475637e-12,1030.0916787538,0.611151218565512,2.08809675699674e-12,0.0094448200550507
ENSG00000198205,ZXDA,X,-,57816430,57905429,89000,1182.7817282056,2.17599979227605,4.85682264246701e-116,323.949833188939,0.483598149631276,0.000328262116138769,0.0132896823393888
ENSG00000198799,LRIG2,1,+,113132261,113144260,12000,98.6082551597248,1.09287649229258,6.71356611505084e-05,3523.69873358269,0.350385253932776,1.53915802562689e-11,0.00821735459664373
ENSG00000205730,ITPRIPL2,16,+,19121630,19141629,20000,158.415486727153,1.515623804459,1.74746705673582e-14,1934.30314904521,-0.237626035063838,0.00052855261520977,0.00792077433635767
ENSG00000212747,RTL8B,X,-,135006513,135020512,14000,103.293859463742,1.32915277224225,5.58107482240793e-08,138.959572452192,-0.326574347968655,0.166082268957158,0.00737813281883868
ENSG00000213096,ZNF254,19,+,24129969,24167968,38000,476.956278312548,1.11401632593212,6.31770698566367e-20,641.919347658595,0.767886138055919,2.39728338838059e-15,0.012551481008225
ENSG00000236287,ZBED5,11,-,10834706,10852705,18000,412.812337106912,1.73663873740924,5.09863372185775e-48,1820.21135986699,-0.298100612622359,5.63612987457665e-06,0.0229340187281618
ENSG00000243660,ZNF487,10,+,43483182,43495181,12000,86.7065011319882,2.10281246686755,1.29109061713076e-15,182.547881244839,0.386351262579234,0.0347813076056366,0.00722554176099901
ENSG00000247626,MARS2,2,+,197708396,197748395,40000,1030.92137038763,1.38997154125347,3.5784980109553e-46,741.361152340406,0.714204781469335,2.15932906536668e-15,0.0257730342596906
ENSG00000254535,PABPC4L,4,-,134144333,134196332,52000,358.191373685319,1.35273187488172,6.3211384377736e-21,963.263505121415,0.543138338042174,4.1907524690245e-12,0.0068882956477946
ENSG00000256671,LIMS4,2,-,110345883,110445882,100000,9628.75347846974,1.02028224967438,4.47195067338101e-87,125.647095419363,0.208169707791254,0.434468380863387,0.0962875347846974
ENSG00000256977,LIMS3,2,+,109925626,110025625,100000,9182.10002764455,1.0186424245448,8.6974197396575e-86,438.035211375317,0.857540750578993,8.09035747593937e-12,0.0918210002764455
ENSG00000261221,ZNF865,19,+,55617270,55628269,11000,281.369476812319,1.20232685274281,1.0137717129481e-16,549.43969036623,0.0123942444484667,0.941299864328065,0.0255790433465745
ENSG00000272602,ZNF595,4,+,88209,102208,14000,788.443783183359,1.6375455951263,2.3280153148197e-74,1732.96129695477,0.431191420460571,1.09641984478576e-11,0.0563174130845256
ENSG00000273983,H3C8,6,-,26250918,26270917,20000,818.252469994319,1.00239565456237,1.82026830894105e-27,3283.20390423532,-0.0706776839613335,0.447509502713448,0.0409126234997159
ENSG00000275342,PRAG1,8,-,8303736,8317735,14000,228.23767083073,1.56948752190071,2.33914522981072e-18,1275.97057827827,0.221672772044688,0.0168524601938516,0.0163026907736236
ENSG00000288709,F8A2,X,+,155383802,155417801,34000,385.133704486351,1.60532710138835,5.25297521127488e-31,1582.05393392606,0.607002901715978,6.23797877371704e-19,0.0113274618966574
ENSG00000291237,SOD2,6,-,159605069,159669068,64000,913.005219557224,1.136524267207,2.83510370283486e-21,9615.7317174351,0.675681703797746,0.0039140331534672,0.0142657065555816
